Name,Price,Image URL
Abominable Hoodie,$69.00,https://www.scrapingcourse.com/ecommerce/wp-content/uploads/2024/03/mh09-blue_main.jpg
Adrienne Trek Jacket,$57.00,https://www.scrapingcourse.com/ecommerce/wp-content/uploads/2024/03/wj08-gray_main.jpg
Aeon Capri,$48.00,https://www.scrapingcourse.com/ecommerce/wp-content/uploads/2024/03/wp07-black_main.jpg
Aero Daily Fitness Tee,$24.00,https://www.scrapingcourse.com/ecommerce/wp-content/uploads/2024/03/ms01-blue_main.jpg
Aether Gym Pant,$74.00,https://www.scrapingcourse.com/ecommerce/wp-content/uploads/2024/03/mp11-brown_main.jpg
Affirm Water Bottle,$7.00,https://www.scrapingcourse.com/ecommerce/wp-content/uploads/2024/03/ug06-lb-0.jpg
Aim Analog Watch,$45.00,https://www.scrapingcourse.com/ecommerce/wp-content/uploads/2024/03/mg04-bk-0.jpg
Ajax Full-Zip Sweatshirt,$69.00,https://www.scrapingcourse.com/ecommerce/wp-content/uploads/2024/03/mh12-green_main.jpg
Ana Running Short,$40.00,https://www.scrapingcourse.com/ecommerce/wp-content/uploads/2024/03/wsh10-black_main.jpg
Angel Light Running Short,$42.00,https://www.scrapingcourse.com/ecommerce/wp-content/uploads/2024/03/wsh06-gray_main.jpg
Antonia Racer Tank,$34.00,https://www.scrapingcourse.com/ecommerce/wp-content/uploads/2024/03/wt08-black_main.jpg
Apollo Running Short,$32.50,https://www.scrapingcourse.com/ecommerce/wp-content/uploads/2024/03/msh02-black_main.jpg
Arcadio Gym Short,$20.00,https://www.scrapingcourse.com/ecommerce/wp-content/uploads/2024/03/msh11-blue_main.jpg
Argus All-Weather Tank,$22.00,https://www.scrapingcourse.com/ecommerce/wp-content/uploads/2024/03/mt07-gray_main.jpg
Ariel Roll Sleeve Sweatshirt,$39.00,https://www.scrapingcourse.com/ecommerce/wp-content/uploads/2024/03/wh09-purple_main.jpg
Artemis Running Short,$45.00,https://www.scrapingcourse.com/ecommerce/wp-content/uploads/2024/03/wsh04-black_main.jpg
Atlas Fitness Tank,$18.00,https://www.scrapingcourse.com/ecommerce/wp-content/uploads/2024/03/mt11-blue_main.jpg
Atomic Endurance Running Tee (Crew-Neck),$29.00,https://www.scrapingcourse.com/ecommerce/wp-content/uploads/2024/03/ms12-red_main.jpg
Atomic Endurance Running Tee (V-neck),$28.00,https://www.scrapingcourse.com/ecommerce/wp-content/uploads/2024/03/ms11-green_main.jpg
Augusta Pullover Jacket,$57.00,https://www.scrapingcourse.com/ecommerce/wp-content/uploads/2024/03/wj03-red_main.jpg
Autumn Pullie,$57.00,https://www.scrapingcourse.com/ecommerce/wp-content/uploads/2024/03/wh03-red_main.jpg
Balboa Persistence Tee,$29.00,https://www.scrapingcourse.com/ecommerce/wp-content/uploads/2024/03/ms03-black_main.jpg
Bardot Capri,$48.00,https://www.scrapingcourse.com/ecommerce/wp-content/uploads/2024/03/wp08-black_main.jpg
Beaumont Summit Kit,$42.00,https://www.scrapingcourse.com/ecommerce/wp-content/uploads/2024/03/mj01-yellow_main.jpg
Bella Tank,$29.00,https://www.scrapingcourse.com/ecommerce/wp-content/uploads/2024/03/wt01-blue_main.jpg
Bess Yoga Short,$28.00,https://www.scrapingcourse.com/ecommerce/wp-content/uploads/2024/03/wsh05-blue_main.jpg
Bolo Sport Watch,$49.00,https://www.scrapingcourse.com/ecommerce/wp-content/uploads/2024/03/wg01-bk-0.jpg
Breathe-Easy Tank,$34.00,https://www.scrapingcourse.com/ecommerce/wp-content/uploads/2024/03/wt09-white_main.jpg
Bruno Compete Hoodie,$63.00,https://www.scrapingcourse.com/ecommerce/wp-content/uploads/2024/03/mh03-black_main.jpg
Caesar Warm-Up Pant,$35.00,https://www.scrapingcourse.com/ecommerce/wp-content/uploads/2024/03/mp01-gray_main.jpg
Carina Basic Capri,$51.00,https://www.scrapingcourse.com/ecommerce/wp-content/uploads/2024/03/wp09-black_main.jpg
Cassia Funnel Sweatshirt,$48.00,https://www.scrapingcourse.com/ecommerce/wp-content/uploads/2024/03/wh08-white_main.jpg
Abominable Hoodie,$69.00,https://www.scrapingcourse.com/ecommerce/wp-content/uploads/2024/03/mh09-blue_main.jpg
Adrienne Trek Jacket,$57.00,https://www.scrapingcourse.com/ecommerce/wp-content/uploads/2024/03/wj08-gray_main.jpg
Aeon Capri,$48.00,https://www.scrapingcourse.com/ecommerce/wp-content/uploads/2024/03/wp07-black_main.jpg
Aero Daily Fitness Tee,$24.00,https://www.scrapingcourse.com/ecommerce/wp-content/uploads/2024/03/ms01-blue_main.jpg
Aether Gym Pant,$74.00,https://www.scrapingcourse.com/ecommerce/wp-content/uploads/2024/03/mp11-brown_main.jpg
Affirm Water Bottle,$7.00,https://www.scrapingcourse.com/ecommerce/wp-content/uploads/2024/03/ug06-lb-0.jpg
Aim Analog Watch,$45.00,https://www.scrapingcourse.com/ecommerce/wp-content/uploads/2024/03/mg04-bk-0.jpg
Ajax Full-Zip Sweatshirt,$69.00,https://www.scrapingcourse.com/ecommerce/wp-content/uploads/2024/03/mh12-green_main.jpg
Ana Running Short,$40.00,https://www.scrapingcourse.com/ecommerce/wp-content/uploads/2024/03/wsh10-black_main.jpg
Angel Light Running Short,$42.00,https://www.scrapingcourse.com/ecommerce/wp-content/uploads/2024/03/wsh06-gray_main.jpg
Antonia Racer Tank,$34.00,https://www.scrapingcourse.com/ecommerce/wp-content/uploads/2024/03/wt08-black_main.jpg
Apollo Running Short,$32.50,https://www.scrapingcourse.com/ecommerce/wp-content/uploads/2024/03/msh02-black_main.jpg
Arcadio Gym Short,$20.00,https://www.scrapingcourse.com/ecommerce/wp-content/uploads/2024/03/msh11-blue_main.jpg
Argus All-Weather Tank,$22.00,https://www.scrapingcourse.com/ecommerce/wp-content/uploads/2024/03/mt07-gray_main.jpg
Ariel Roll Sleeve Sweatshirt,$39.00,https://www.scrapingcourse.com/ecommerce/wp-content/uploads/2024/03/wh09-purple_main.jpg
Artemis Running Short,$45.00,https://www.scrapingcourse.com/ecommerce/wp-content/uploads/2024/03/wsh04-black_main.jpg
Cassius Sparring Tank,$18.00,https://www.scrapingcourse.com/ecommerce/wp-content/uploads/2024/03/mt12-blue_main.jpg
Celeste Sports Bra,$39.00,https://www.scrapingcourse.com/ecommerce/wp-content/uploads/2024/03/wb03-green_main.jpg
Chaz Kangeroo Hoodie,$52.00,https://www.scrapingcourse.com/ecommerce/wp-content/uploads/2024/03/mh01-gray_main.jpg
Chloe Compete Tank,$39.00,https://www.scrapingcourse.com/ecommerce/wp-content/uploads/2024/03/wt06-blue_main.jpg
Circe Hooded Ice Fleece,$68.00,https://www.scrapingcourse.com/ecommerce/wp-content/uploads/2024/03/wh12-gray_main.jpg
Clamber Watch,$54.00,https://www.scrapingcourse.com/ecommerce/wp-content/uploads/2024/03/wg03-gr-0.jpg
Cobalt CoolTech™ Fitness Short,$44.00,https://www.scrapingcourse.com/ecommerce/wp-content/uploads/2024/03/msh01-blue_main.jpg
Compete Track Tote,$32.00,https://www.scrapingcourse.com/ecommerce/wp-content/uploads/2024/03/wb02-green-0.jpg
Cora Parachute Pant,$75.00,https://www.scrapingcourse.com/ecommerce/wp-content/uploads/2024/03/wp04-blue_main.jpg
Cronus Yoga Pant,$48.00,https://www.scrapingcourse.com/ecommerce/wp-content/uploads/2024/03/mp12-black_main.jpg
Crown Summit Backpack,$38.00,https://www.scrapingcourse.com/ecommerce/wp-content/uploads/2024/03/mb03-black-0.jpg
Cruise Dual Analog Watch,$55.00,https://www.scrapingcourse.com/ecommerce/wp-content/uploads/2024/03/mg05-br-0.jpg
Daphne Full-Zip Hoodie,$59.00,https://www.scrapingcourse.com/ecommerce/wp-content/uploads/2024/03/wh06-purple_main.jpg
Daria Bikram Pant,$51.00,https://www.scrapingcourse.com/ecommerce/wp-content/uploads/2024/03/wp10-gray_main.jpg
Dash Digital Watch,$92.00,https://www.scrapingcourse.com/ecommerce/wp-content/uploads/2024/03/mg02-bk-0.jpg
Deion Long-Sleeve EverCool™ Tee,$39.00,https://www.scrapingcourse.com/ecommerce/wp-content/uploads/2024/03/ms07-green_main.jpg
Deirdre Relaxed-Fit Capri,$63.00,https://www.scrapingcourse.com/ecommerce/wp-content/uploads/2024/03/wp12-gray_main.jpg
Desiree Fitness Tee,$24.00,https://www.scrapingcourse.com/ecommerce/wp-content/uploads/2024/03/ws05-black_main.jpg
Diana Tights,$59.00,https://www.scrapingcourse.com/ecommerce/wp-content/uploads/2024/03/wp06-black_main.jpg
Didi Sport Watch,$92.00,https://www.scrapingcourse.com/ecommerce/wp-content/uploads/2024/03/wg02-bk-0.jpg
Diva Gym Tee,$32.00,https://www.scrapingcourse.com/ecommerce/wp-content/uploads/2024/03/ws11-yellow_main.jpg
Driven Backpack,$36.00,https://www.scrapingcourse.com/ecommerce/wp-content/uploads/2024/03/wb03-purple-0.jpg
Dual Handle Cardio Ball,$12.00,https://www.scrapingcourse.com/ecommerce/wp-content/uploads/2024/03/ug07-bk-0.jpg
Echo Fit Compression Short,$24.00,https://www.scrapingcourse.com/ecommerce/wp-content/uploads/2024/03/wsh07-black_main.jpg
Electra Bra Top,$39.00,https://www.scrapingcourse.com/ecommerce/wp-content/uploads/2024/03/wb01-gray_main.jpg
Elisa EverCool™ Tee,$29.00,https://www.scrapingcourse.com/ecommerce/wp-content/uploads/2024/03/ws06-purple_main.jpg
Endeavor Daytrip Backpack,$33.00,https://www.scrapingcourse.com/ecommerce/wp-content/uploads/2024/03/wb06-red-0.jpg
Endurance Watch,$49.00,https://www.scrapingcourse.com/ecommerce/wp-content/uploads/2024/03/mg01-bk-0.jpg
Eos V-Neck Hoodie,$54.00,https://www.scrapingcourse.com/ecommerce/wp-content/uploads/2024/03/wh11-blue_main.jpg
Erica Evercool Sports Bra,$39.00,https://www.scrapingcourse.com/ecommerce/wp-content/uploads/2024/03/wb02-blue_main.jpg
Erika Running Short,$45.00,https://www.scrapingcourse.com/ecommerce/wp-content/uploads/2024/03/wsh12-green_main.jpg
Erikssen CoolTech™ Fitness Tank,$29.00,https://www.scrapingcourse.com/ecommerce/wp-content/uploads/2024/03/mt01-red_main.jpg
Fiona Fitness Short,$29.00,https://www.scrapingcourse.com/ecommerce/wp-content/uploads/2024/03/wsh01-black_main.jpg
Frankie  Sweatshirt,$60.00,https://www.scrapingcourse.com/ecommerce/wp-content/uploads/2024/03/mh04-green_main.jpg
Fusion Backpack,$59.00,https://www.scrapingcourse.com/ecommerce/wp-content/uploads/2024/03/mb02-gray-0.jpg
Gabrielle Micro Sleeve Top,$28.00,https://www.scrapingcourse.com/ecommerce/wp-content/uploads/2024/03/ws02-green_main.jpg
Geo Insulated Jogging Pant,$51.00,https://www.scrapingcourse.com/ecommerce/wp-content/uploads/2024/03/mp03-black_main.jpg
Go-Get’r Pushup Grips,$19.00,https://www.scrapingcourse.com/ecommerce/wp-content/uploads/2024/03/ug05-gr-0.jpg
Gobi HeatTec® Tee,$29.00,https://www.scrapingcourse.com/ecommerce/wp-content/uploads/2024/03/ms04-orange_main.jpg
Grayson Crewneck Sweatshirt,$64.00,https://www.scrapingcourse.com/ecommerce/wp-content/uploads/2024/03/mh11-white_main.jpg
Gwen Drawstring Bike Short,$50.00,https://www.scrapingcourse.com/ecommerce/wp-content/uploads/2024/03/wsh03-gray_main.jpg
Gwyn Endurance Tee,$24.00,https://www.scrapingcourse.com/ecommerce/wp-content/uploads/2024/03/ws01-black_main.jpg
Harmony Lumaflex™ Strength Band Kit,$22.00,https://www.scrapingcourse.com/ecommerce/wp-content/uploads/2024/03/ug03-bk-0.jpg
Hawkeye Yoga Short,$29.00,https://www.scrapingcourse.com/ecommerce/wp-content/uploads/2024/03/msh05-gray_main.jpg
Helena Hooded Fleece,$55.00,https://www.scrapingcourse.com/ecommerce/wp-content/uploads/2024/03/wh10-gray_main.jpg
Helios Endurance Tank,$32.00,https://www.scrapingcourse.com/ecommerce/wp-content/uploads/2024/03/mt04-blue_main.jpg
Helios EverCool™ Tee,$24.00,https://www.scrapingcourse.com/ecommerce/wp-content/uploads/2024/03/ms05-blue_main.jpg
Hera Pullover Hoodie,$48.00,https://www.scrapingcourse.com/ecommerce/wp-content/uploads/2024/03/wh02-blue_main.jpg
Hero Hoodie,$54.00,https://www.scrapingcourse.com/ecommerce/wp-content/uploads/2024/03/mh07-gray_main.jpg
Hollister Backyard Sweatshirt,$52.00,https://www.scrapingcourse.com/ecommerce/wp-content/uploads/2024/03/mh05-white_main.jpg
Hyperion Elements Jacket,$51.00,https://www.scrapingcourse.com/ecommerce/wp-content/uploads/2024/03/mj02-green_main.jpg
Ida Workout Parachute Pant,$48.00,https://www.scrapingcourse.com/ecommerce/wp-content/uploads/2024/03/wp03-blue_main.jpg
Impulse Duffle,$74.00,https://www.scrapingcourse.com/ecommerce/wp-content/uploads/2024/03/ub02-black-0.jpg
Ina Compression Short,$49.00,https://www.scrapingcourse.com/ecommerce/wp-content/uploads/2024/03/wsh11-blue_main.jpg
Ingrid Running Jacket,$84.00,https://www.scrapingcourse.com/ecommerce/wp-content/uploads/2024/03/wj04-white_main.jpg
Iris Workout Top,$29.00,https://www.scrapingcourse.com/ecommerce/wp-content/uploads/2024/03/ws03-red_main.jpg
Jade Yoga Jacket,$32.00,https://www.scrapingcourse.com/ecommerce/wp-content/uploads/2024/03/wj09-green_main.jpg
Josie Yoga Jacket,$56.25,https://www.scrapingcourse.com/ecommerce/wp-content/uploads/2024/03/wj02-gray_main.jpg
Joust Duffle Bag,$34.00,https://www.scrapingcourse.com/ecommerce/wp-content/uploads/2024/03/mb01-blue-0.jpg
Juliana Short-Sleeve Tee,$42.00,https://www.scrapingcourse.com/ecommerce/wp-content/uploads/2024/03/ws07-black_main.jpg
Jupiter All-Weather Trainer,$56.99,https://www.scrapingcourse.com/ecommerce/wp-content/uploads/2024/03/mj06-blue_main.jpg
Karissa V-Neck Tee,$32.00,https://www.scrapingcourse.com/ecommerce/wp-content/uploads/2024/03/ws10-red_main.jpg
Karmen Yoga Pant,$39.00,https://www.scrapingcourse.com/ecommerce/wp-content/uploads/2024/03/wp01-gray_main.jpg
Kenobi Trail Jacket,$47.00,https://www.scrapingcourse.com/ecommerce/wp-content/uploads/2024/03/mj04-black_main.jpg
Kratos Gym Pant,$57.00,https://www.scrapingcourse.com/ecommerce/wp-content/uploads/2024/03/mp05-blue_main.jpg
Lando Gym Jacket,$99.00,https://www.scrapingcourse.com/ecommerce/wp-content/uploads/2024/03/mj08-gray_main.jpg
Layla Tee,$29.00,https://www.scrapingcourse.com/ecommerce/wp-content/uploads/2024/03/ws04-green_main.jpg
Leah Yoga Top,$39.00,https://www.scrapingcourse.com/ecommerce/wp-content/uploads/2024/03/wt05-purple_main.jpg
Livingston All-Purpose Tight,$75.00,https://www.scrapingcourse.com/ecommerce/wp-content/uploads/2024/03/mp09-blue_main.jpg
Logan  HeatTec® Tee,$24.00,https://www.scrapingcourse.com/ecommerce/wp-content/uploads/2024/03/ms10-blue_main.jpg
Lono Yoga Short,$32.00,https://www.scrapingcourse.com/ecommerce/wp-content/uploads/2024/03/msh06-gray_main.jpg
Lucia Cross-Fit Bra,$39.00,https://www.scrapingcourse.com/ecommerce/wp-content/uploads/2024/03/wb05-black_main.jpg
Luma Analog Watch,$43.00,https://www.scrapingcourse.com/ecommerce/wp-content/uploads/2024/03/wg09-gr-0.jpg
Mach Street Sweatshirt,$62.00,https://www.scrapingcourse.com/ecommerce/wp-content/uploads/2024/03/mh10-blue_main.jpg
Marco Lightweight Active Hoodie,$74.00,https://www.scrapingcourse.com/ecommerce/wp-content/uploads/2024/03/mh13-blue_main.jpg
Mars HeatTech™ Pullover,$66.00,https://www.scrapingcourse.com/ecommerce/wp-content/uploads/2024/03/mj10-red_main.jpg
Maxima Drawstring Short,$28.00,https://www.scrapingcourse.com/ecommerce/wp-content/uploads/2024/03/wsh02-gray_main.jpg
Maya Tunic,$29.00,https://www.scrapingcourse.com/ecommerce/wp-content/uploads/2024/03/wt07-green_main.jpg
Meteor Workout Short,$32.50,https://www.scrapingcourse.com/ecommerce/wp-content/uploads/2024/03/msh03-blue_main.jpg
Miko Pullover Hoodie,$69.00,https://www.scrapingcourse.com/ecommerce/wp-content/uploads/2024/03/wh04-blue_main.jpg
Mimi All-Purpose Short,$44.00,https://www.scrapingcourse.com/ecommerce/wp-content/uploads/2024/03/wsh09-gray_main.jpg
Minerva LumaTech™ V-Tee,$32.00,https://www.scrapingcourse.com/ecommerce/wp-content/uploads/2024/03/ws08-blue_main.jpg
Mithra Warmup Pant,$28.00,https://www.scrapingcourse.com/ecommerce/wp-content/uploads/2024/03/mp06-gray_main.jpg
Mona Pullover Hoodlie,$57.00,https://www.scrapingcourse.com/ecommerce/wp-content/uploads/2024/03/wh01-green_main.jpg
Montana Wind Jacket,$49.00,https://www.scrapingcourse.com/ecommerce/wp-content/uploads/2024/03/mj03-black_main.jpg
Nadia Elements Shell,$69.00,https://www.scrapingcourse.com/ecommerce/wp-content/uploads/2024/03/wj10-yellow_main.jpg
Neve Studio Dance Jacket,$69.00,https://www.scrapingcourse.com/ecommerce/wp-content/uploads/2024/03/wj11-blue_main.jpg
Nona Fitness Tank,$39.00,https://www.scrapingcourse.com/ecommerce/wp-content/uploads/2024/03/wt04-blue_main.jpg
Nora Practice Tank,$39.00,https://www.scrapingcourse.com/ecommerce/wp-content/uploads/2024/03/wt03-red_main.jpg
Olivia 1/4 Zip Light Jacket,$77.00,https://www.scrapingcourse.com/ecommerce/wp-content/uploads/2024/03/wj12-blue_main.jpg
Orestes Fitness Short,$35.00,https://www.scrapingcourse.com/ecommerce/wp-content/uploads/2024/03/msh08-black_main.jpg
Orestes Yoga Pant,$66.00,https://www.scrapingcourse.com/ecommerce/wp-content/uploads/2024/03/mp10-black_main.jpg
Orion Two-Tone Fitted Jacket,$72.00,https://www.scrapingcourse.com/ecommerce/wp-content/uploads/2024/03/mj07-red_main.jpg
Oslo Trek Hoodie,$42.00,https://www.scrapingcourse.com/ecommerce/wp-content/uploads/2024/03/mh08-brown_main.jpg
Overnight Duffle,$45.00,https://www.scrapingcourse.com/ecommerce/wp-content/uploads/2024/03/wb07-brown-0.jpg
Phoebe Zipper Sweatshirt,$59.00,https://www.scrapingcourse.com/ecommerce/wp-content/uploads/2024/03/wh07-gray_main.jpg
Pierce Gym Short,$27.00,https://www.scrapingcourse.com/ecommerce/wp-content/uploads/2024/03/msh12-red_main.jpg
Portia Capri,$49.00,https://www.scrapingcourse.com/ecommerce/wp-content/uploads/2024/03/wp13-orange_main.jpg
Prima Compete Bra Top,$24.00,https://www.scrapingcourse.com/ecommerce/wp-content/uploads/2024/03/wb04-blue_main.jpg
Primo Endurance Tank,$29.00,https://www.scrapingcourse.com/ecommerce/wp-content/uploads/2024/03/mt03-red_main.jpg
Proteus Fitness Jackshirt,$45.00,https://www.scrapingcourse.com/ecommerce/wp-content/uploads/2024/03/mj12-orange_main.jpg
Pursuit Lumaflex™ Tone Band,$16.00,https://www.scrapingcourse.com/ecommerce/wp-content/uploads/2024/03/ug02-bk-0.jpg
Push It Messenger Bag,$45.00,https://www.scrapingcourse.com/ecommerce/wp-content/uploads/2024/03/wb04-blue-0.jpg
Quest Lumaflex™ Band,$19.00,https://www.scrapingcourse.com/ecommerce/wp-content/uploads/2024/03/ug01-bk-0.jpg
Radiant Tee,$22.00,https://www.scrapingcourse.com/ecommerce/wp-content/uploads/2024/03/ws12-orange_main.jpg
Rapha  Sports Short,$35.00,https://www.scrapingcourse.com/ecommerce/wp-content/uploads/2024/03/msh07-black_main.jpg
Riona Full Zip Jacket,$60.00,https://www.scrapingcourse.com/ecommerce/wp-content/uploads/2024/03/wj05-brown_main.jpg
Rival Field Messenger,$45.00,https://www.scrapingcourse.com/ecommerce/wp-content/uploads/2024/03/mb06-gray-0.jpg
Rocco Gym Tank,$24.00,https://www.scrapingcourse.com/ecommerce/wp-content/uploads/2024/03/mt05-blue_main.jpg
Ryker LumaTech™ Tee (Crew-neck),$32.00,https://www.scrapingcourse.com/ecommerce/wp-content/uploads/2024/03/ms09-blue_main.jpg
Ryker LumaTech™ Tee (V-neck),$28.00,https://www.scrapingcourse.com/ecommerce/wp-content/uploads/2024/03/ms02-gray_main.jpg
Sahara Leggings,$75.00,https://www.scrapingcourse.com/ecommerce/wp-content/uploads/2024/03/wp05-gray_main.jpg
Savvy Shoulder Tote,$32.00$24.00,https://www.scrapingcourse.com/ecommerce/wp-content/uploads/2024/03/wb05-red-0.jpg
Selene Yoga Hoodie,$42.00,https://www.scrapingcourse.com/ecommerce/wp-content/uploads/2024/03/wh05-white_main.jpg
Sinbad Fitness Tank,$29.00,https://www.scrapingcourse.com/ecommerce/wp-content/uploads/2024/03/mt09-blue_main.jpg
Sol Active Short,$32.00,https://www.scrapingcourse.com/ecommerce/wp-content/uploads/2024/03/msh10-blue_main.jpg
Sparta Gym Tank,$29.00,https://www.scrapingcourse.com/ecommerce/wp-content/uploads/2024/03/mt08-green_main.jpg
Sprite Foam Roller,$19.00,https://www.scrapingcourse.com/ecommerce/wp-content/uploads/2024/03/luma-foam-roller.jpg
Sprite Foam Yoga Brick,$5.00,https://www.scrapingcourse.com/ecommerce/wp-content/uploads/2024/03/luma-yoga-brick.jpg
Sprite Stasis Ball 55 cm,$23.00,https://www.scrapingcourse.com/ecommerce/wp-content/uploads/2024/03/luma-stability-ball-gray.jpg
Sprite Stasis Ball 55 cm,$23.00,https://www.scrapingcourse.com/ecommerce/wp-content/uploads/2024/03/luma-stability-ball-pink.jpg
Sprite Stasis Ball 55 cm,$23.00,https://www.scrapingcourse.com/ecommerce/wp-content/uploads/2024/03/luma-stability-ball.jpg
Sprite Stasis Ball 65 cm,$27.00,https://www.scrapingcourse.com/ecommerce/wp-content/uploads/2024/03/luma-stability-ball-gray.jpg
Sprite Stasis Ball 65 cm,$27.00,https://www.scrapingcourse.com/ecommerce/wp-content/uploads/2024/03/luma-stability-ball-pink.jpg
Sprite Stasis Ball 65 cm,$27.00,https://www.scrapingcourse.com/ecommerce/wp-content/uploads/2024/03/luma-stability-ball.jpg
Sprite Stasis Ball 75 cm,$32.00,https://www.scrapingcourse.com/ecommerce/wp-content/uploads/2024/03/luma-stability-ball-gray.jpg
Sprite Stasis Ball 75 cm,$32.00,https://www.scrapingcourse.com/ecommerce/wp-content/uploads/2024/03/luma-stability-ball-pink.jpg
Sprite Stasis Ball 75 cm,$32.00,https://www.scrapingcourse.com/ecommerce/wp-content/uploads/2024/03/luma-stability-ball.jpg
Sprite Yoga Strap 10 foot,$21.00,https://www.scrapingcourse.com/ecommerce/wp-content/uploads/2024/03/luma-yoga-strap.jpg
Sprite Yoga Strap 6 foot,$14.00,https://www.scrapingcourse.com/ecommerce/wp-content/uploads/2024/03/luma-yoga-strap.jpg
Sprite Yoga Strap 8 foot,$17.00,https://www.scrapingcourse.com/ecommerce/wp-content/uploads/2024/03/luma-yoga-strap.jpg
Stark Fundamental Hoodie,$42.00,https://www.scrapingcourse.com/ecommerce/wp-content/uploads/2024/03/mh06-blue_main.jpg
Stellar Solar Jacket,$75.00,https://www.scrapingcourse.com/ecommerce/wp-content/uploads/2024/03/wj01-red_main.jpg
Strike Endurance Tee,$39.00,https://www.scrapingcourse.com/ecommerce/wp-content/uploads/2024/03/ms08-black_main.jpg
Strive Shoulder Pack,$32.00,https://www.scrapingcourse.com/ecommerce/wp-content/uploads/2024/03/mb04-black-0.jpg
Summit Watch,$54.00,https://www.scrapingcourse.com/ecommerce/wp-content/uploads/2024/03/mg03-br-0.jpg
Supernova Sport Pant,$45.00,https://www.scrapingcourse.com/ecommerce/wp-content/uploads/2024/03/mp04-gray_main.jpg
Sybil Running Short,$44.00,https://www.scrapingcourse.com/ecommerce/wp-content/uploads/2024/03/wsh08-purple_main.jpg
Sylvia Capri,$42.00,https://www.scrapingcourse.com/ecommerce/wp-content/uploads/2024/03/wp11-green_main.jpg
Taurus Elements Shell,$65.00,https://www.scrapingcourse.com/ecommerce/wp-content/uploads/2024/03/mj09-yellow_main.jpg
Teton Pullover Hoodie,$70.00,https://www.scrapingcourse.com/ecommerce/wp-content/uploads/2024/03/mh02-black_main.jpg
Thorpe Track Pant,$68.00,https://www.scrapingcourse.com/ecommerce/wp-content/uploads/2024/03/mp07-blue_main.jpg
Tiberius Gym Tank,$18.00,https://www.scrapingcourse.com/ecommerce/wp-content/uploads/2024/03/mt10-yellow_main.jpg
Tiffany Fitness Tee,$28.00,https://www.scrapingcourse.com/ecommerce/wp-content/uploads/2024/03/ws09-blue_main.jpg
Torque Power Short,$32.50,https://www.scrapingcourse.com/ecommerce/wp-content/uploads/2024/03/msh04-gray_main.jpg
Tristan Endurance Tank,$29.00,https://www.scrapingcourse.com/ecommerce/wp-content/uploads/2024/03/mt02-white_main.jpg
Troy Yoga Short,$24.00,https://www.scrapingcourse.com/ecommerce/wp-content/uploads/2024/03/msh09-blue_main.jpg
Typhon Performance Fleece-lined Jacket,$60.00,https://www.scrapingcourse.com/ecommerce/wp-content/uploads/2024/03/mj11-black_main.jpg
Viktor LumaTech™ Pant,$46.00,https://www.scrapingcourse.com/ecommerce/wp-content/uploads/2024/03/mp02-gray_main.jpg
Voyage Yoga Bag,$32.00,https://www.scrapingcourse.com/ecommerce/wp-content/uploads/2024/03/wb01-black-0.jpg
Vulcan Weightlifting Tank,$28.00,https://www.scrapingcourse.com/ecommerce/wp-content/uploads/2024/03/mt06-black_main.jpg
Wayfarer Messenger Bag,$45.00,https://www.scrapingcourse.com/ecommerce/wp-content/uploads/2024/03/mb05-black-0.jpg
Zeppelin Yoga Pant,$82.00,https://www.scrapingcourse.com/ecommerce/wp-content/uploads/2024/03/mp08-green_main.jpg
Zing Jump Rope,$12.00,https://www.scrapingcourse.com/ecommerce/wp-content/uploads/2024/03/ug04-bk-0.jpg
Zoe Tank,$29.00,https://www.scrapingcourse.com/ecommerce/wp-content/uploads/2024/03/wt02-orange_main.jpg
Zoltan Gym Tee,$29.00,https://www.scrapingcourse.com/ecommerce/wp-content/uploads/2024/03/ms06-blue_main.jpg
